<?xml version="1.0" encoding="UTF-8"?>
<odoo>
    <record id="ir_cron_employee_shift_rotation" model="ir.cron">
        <field name="name">Employee Shift Rotation</field>
        <field name="model_id" ref="hr.model_hr_employee"/>
        <field name="state">code</field>
        <field name="code">model.cron_generate_next_week_shifts()</field>
        <field name="interval_type">weeks</field>
        <field name="interval_number">1</field>
        <field name="active" eval="True"/>
    </record>
</odoo>
